{
  "version": 3,
  "requesterUsername": "PriorityLexusVB",
  "requesterAvatarIconUri": {
    "$mid": 1,
    "path": "/u/213491842",
    "scheme": "https",
    "authority": "avatars.githubusercontent.com",
    "query": "v=4"
  },
  "responderUsername": "GitHub Copilot",
  "responderAvatarIconUri": {
    "id": "copilot"
  },
  "initialLocation": "panel",
  "requests": [],
  "sessionId": "0008f6b2-b48b-42ca-b002-b9aebc6acd85",
  "creationDate": 1759414778560,
  "isImported": false,
  "lastMessageDate": 1759414778560
}