{
  "environment": {
    "executable": "C:\\Users\\ROB.BRASCO\\AppData\\Local\\Programs\\Python\\Python312\\python.exe",
    "prefix": "C:\\Users\\ROB.BRASCO\\AppData\\Local\\Programs\\Python\\Python312",
    "version": "3.12.10.final.0",
    "is64Bit": true,
    "symlinks": [
      "C:\\Users\\ROB.BRASCO\\AppData\\Local\\Programs\\Python\\Python312\\python.exe"
    ]
  },
  "symlinks": [
    [
      "C:\\Users\\ROB.BRASCO\\AppData\\Local\\Programs\\Python\\Python312\\python.exe",
      {
        "secs_since_epoch": 1744131456,
        "nanos_since_epoch": 0
      },
      {
        "secs_since_epoch": 1744131456,
        "nanos_since_epoch": 0
      }
    ]
  ]
}