{
    "userDataProfilesMigration": true,
    "profileAssociations": {
        "workspaces": {
            "file:///c%3A/Users/ROB.BRASCO/Downloads/bdc-groq-app": "__default__profile__",
            "file://plv/Users/ROB.BRASCO/Desktop/lexus-bdc-responder": "__default__profile__",
            "file://plv/Users/ROB.BRASCO/Desktop/VideoTranscriber": "__default__profile__",
            "file://plv/Users/ROB.BRASCO/Documents/GitHub/test": "__default__profile__",
            "file://plv/Users/ROB.BRASCO/Documents/GitHub/bdc-dream-garage": "__default__profile__",
            "file://plv/Users/ROB.BRASCO/Documents/GitHub/BDC-GAMIFICATION": "__default__profile__",
            "file:///c%3A/Users/ROB.BRASCO/GITHUB%20ON%20C/newrecon-tracker/appraisal-ai-tool": "__default__profile__",
            "file://plv/Users/ROB.BRASCO/Desktop/rocket_aftermarket_tracker": "__default__profile__",
            "file:///c%3A/Users/ROB.BRASCO/GITHUB_ON_C/rocket_aftermarket_tracker": "__default__profile__"
        },
        "emptyWindows": {}
    },
    "profileAssociationsMigration": true,
    "telemetry.sqmId": "{D086600B-92DC-4F85-87B4-CCA64DA28CEA}",
    "telemetry.machineId": "2bd527a6d2d7a5eb0c18eb47e70329aba7b025f05cf93928fc81bfb55c893fa3",
    "telemetry.devDeviceId": "afa596ab-aa11-473c-a3f2-67ef7a306aeb",
    "backupWorkspaces": {
        "workspaces": [],
        "folders": [
            {
                "folderUri": "file://plv/Users/ROB.BRASCO/Desktop/rocket_aftermarket_tracker"
            },
            {
                "folderUri": "file:///c%3A/Users/ROB.BRASCO/GITHUB_ON_C/rocket_aftermarket_tracker"
            }
        ],
        "emptyWindows": []
    },
    "windowControlHeight": 35,
    "theme": "vs-dark",
    "themeBackground": "#1f1f1f",
    "windowSplash": {
        "zoomLevel": 0,
        "baseTheme": "vs-dark",
        "colorInfo": {
            "foreground": "#cccccc",
            "background": "#1f1f1f",
            "editorBackground": "#1f1f1f",
            "titleBarBackground": "#181818",
            "titleBarBorder": "#2b2b2b",
            "activityBarBackground": "#181818",
            "activityBarBorder": "#2b2b2b",
            "sideBarBackground": "#181818",
            "sideBarBorder": "#2b2b2b",
            "statusBarBackground": "#181818",
            "statusBarBorder": "#2b2b2b",
            "statusBarNoFolderBackground": "#1f1f1f"
        },
        "layoutInfo": {
            "sideBarSide": "left",
            "editorPartMinWidth": 220,
            "titleBarHeight": 35,
            "activityBarWidth": 48,
            "sideBarWidth": 505,
            "auxiliaryBarWidth": 497,
            "statusBarHeight": 22,
            "windowBorder": false
        }
    },
    "windowsState": {
        "lastActiveWindow": {
            "folder": "file:///c%3A/Users/ROB.BRASCO/GITHUB_ON_C/rocket_aftermarket_tracker",
            "backupPath": "C:\\Users\\ROB.BRASCO\\AppData\\Roaming\\Code\\Backups\\9c390e1de0ffe9e47e6c9a92b7288af1",
            "uiState": {
                "mode": 1,
                "x": 2050,
                "y": 272,
                "width": 1596,
                "height": 604
            }
        },
        "openedWindows": []
    },
    "windowSplashWorkspaceOverride": {
        "layoutInfo": {
            "sideBarWidth": 505,
            "auxiliaryBarWidth": 497,
            "workspaces": {
                "58a75354ef0ddcdac872a89ce7a4810a": {
                    "sideBarVisible": true,
                    "auxiliaryBarVisible": false
                },
                "d5615a5f8e668bde01d3805e2bd8020a": {
                    "sideBarVisible": true,
                    "auxiliaryBarVisible": false
                },
                "254ebc0bd3ed1e87ad7fa269a439cebf": {
                    "sideBarVisible": true,
                    "auxiliaryBarVisible": false
                },
                "1a1e08f0e51d8b8f2d83c5fb0510272e": {
                    "sideBarVisible": true,
                    "auxiliaryBarVisible": false
                },
                "8b52a90b92d1431840b6e4f53e6fd6d2": {
                    "sideBarVisible": true,
                    "auxiliaryBarVisible": false
                },
                "078507a45e1004bbe4d93448775646e9": {
                    "sideBarVisible": true,
                    "auxiliaryBarVisible": false
                },
                "cf4be68bf140c3bedca39ba987724d16": {
                    "sideBarVisible": true,
                    "auxiliaryBarVisible": true
                },
                "27fbae7311e987fa2d44f0196f136157": {
                    "sideBarVisible": true,
                    "auxiliaryBarVisible": true
                },
                "28d244cc69ebec8b8e1257c40ad2ae09": {
                    "sideBarVisible": true,
                    "auxiliaryBarVisible": true
                }
            }
        }
    },
    "userDataProfiles": [
        {
            "location": "-4a556ac5",
            "name": ".codeprofile",
            "useDefaultFlags": {}
        }
    ]
}