{
  "id": "memento",
  "v": "v1",
  "ts": 1761066256654,
  "signature": "s6004.7145/6004.7175",
  "data": {
    "machineId": "2bd527a6d2d7a5eb0c18eb47e70329aba7b025f05cf93928fc81bfb55c893fa3",
    "ts": 1761066256654,
    "log": [
      [
        1760970601028,
        0,
        "activate",
        1
      ],
      [
        1760971114897,
        0,
        "activate",
        1
      ],
      [
        1760976929419,
        0,
        "activate",
        1
      ],
      [
        1760978759002,
        0,
        "activate",
        1
      ],
      [
        1761055433735,
        0,
        "activate",
        1
      ],
      [
        1761062036562,
        0,
        "activate",
        1
      ],
      [
        1761066147037,
        0,
        "activate",
        1
      ],
      [
        1761066256546,
        0,
        "activate",
        1
      ]
    ]
  }
}